,,  Утверждаю                    проректор по образовательной деятельности КФУ  Д.А. Таюрский       Расписание занятий 1 семестр 2017-2018  Высшая школа ИТИС (бакалавры и магистры)                                              ,,,,,,,,,,,,,,,,,,,,,,,,,,,,,,,,,,,,,,,,,,
,,,,,,,,,,,,,,,,,,,,,,,,,,,,,,,,,,,,,,,,,,,,
,,11-701,11-702,11-703,11-704,11-705,11-706,11-707,11-708,11-709,11-601,11-602,11-603,11-604,11-605,11-606,11-607,11-608,11-501,11-502,11-503,11-504,11-505,11-506,11-507,11-508,11-401,11-402,11-403,11-404,11-405,11-406,11-407,11-408,11-711,11-712,11-713,11-721(р),11-611,11-612,, ,аудитории,
понедельник,08.30-10.00,"Иностранный язык (английский язык) 
   Макаев Х.Ф. 1404,  Баранова А.Р..1302 ,    Газетдинов Р.Р.1304,   Сигачева Н.А.1412,    Мельникова О.К. 1405,     Саляхова Г.И. 1301,   Исмагилова Г.К.1303.",,,,,,Дискретная математика Тапкин Д.Т. 1306,,Информатика Шамсутдинова К.С.1308,,,,,,,,,Управление качеством разработки информационных систем  Басырова Алсу Реизовна в 109 к 2 (9н.),,,,,,,,,,,,,,,,,,,,,,08.30-10.00,понедельник,,
,10.10-11.40,"Алгебра и геометрия   
Арсланов Марат Мирзаевич 
в 108 к.2",,,,,,,,,"Иностранный язык ( английский язык)  Саляхова Г.И.1301, Махмутова А.Н. 1302, ИсмагиловаГ.К.. 1303, Маршева Т.В. 1304, Сакаева Л.Р. Межлаука ауд.335, Шамсутдинова Э.Х. 1405, Мартынова Е.В. 1404, Сигачева 1412, Яхин М.А.1305 , Сабирова Р.Н. 1309",,,,,,,,Безопасность  жизнедеятельности  Купцова А.М. н.н.1306,Безопасность  жизнедеятельности  Купцова ч.н.1306,Экономика Мокичев С.Д.ч.н.1409,Программная инженерия Кугуракова В.В. 1408,,Теория информации и кодирования Голицына И.Н.1509,Теория информации и кодирования Малахов М.А.1307,Операционные системы Валиуллин Р.М.1308,,,,,,,,,,,,,,,10.10-11.40,,,1305-м.м.
,11.50-13.20,Дискретная математика Корнеева Н.Н.1301,История Ибрагимов Р.Р. н.н. 1302,Дискретная математика Зубков М.В.1303,Математический анализ Муллагалиев Э.А.1304,История Ибрагимов Р.Р. ч.н.1302,Математический анализ Махмутова Д.И.1405,,Алгебра и геометрия Зубкова С.К. в1305,,Информатика Абрамский М.М.1409,Теория вероятностей и математическая статистика Стребков Е.В.1310,Информатика Ференец А.А.1412 (,"Вычислительные системы, сети и телекоммуникации Максютин С.В.1404",Базы данных Салимов Р.Ф.1311 ,,,Информатика Марченко А.А.1309,Программная инженерия Кугуракова В.В. 1408,,Безопасность  жизнедеятельности  Купцова А.М. н.н.1306,Безопасность  жизнедеятельности  Купцова ч.н.1306,Теория информации и кодирования Голицына И.Н.1509,,,Теория информации и кодирования Малахов М.А.1307,,,,,,,,,,,,,,,11.50-13.20,,,
,13.40-15.10,История Ибрагимов Р.Р. н.н. 1302,Дискретная математика Корнеева Н.Н.1301,История Ибрагимов Р.Р. ч.н. 1302,Дискретная математика Зубков М.В.1303,Математический анализ Муллагалиев Э.А. 1304,Информатика Марченко А.А.1309,Математический анализ Махмутова Д.И.1405,Информатика Салимов Р.Ф.1311,Алгебра и геометрия Зубкова С.К. в1305,,Информатика Хасьянов А.Ф.1509 Не будет пар!,"Вычислительные системы, сети и телекоммуникации Максютин С.В.1404",Информатика Ференец А.А. 1412,,,Теория вероятностей и математическая статистика Стребков Е.В.1310,Базы данных Шамсутдинова К.С.1308 ( с 19.09 по втр. в 8.30 в ауд.в1309),Программная инженерия Кугуракова В.В. в 109 к.2,,,,,,,,,,,,,Теория информации и кодирования Малахов М.А.1307,Теория систем и системный анализ Каюмова А.В.1408,,,,,,,,13.40-15.10,,,1409-М.Ф. м.м.
,15.20-16.50,,,,,,,,,,"Курс по выбору: "" Основы компьютерной графики и графические форматы"" Низамутдинов А.Р. 1408,  ""Введение в интернет-программирование"" Абрамский М.М. 1409.,  Бажанов В.А. 1301. Григорьева Е.1508 , ""Введение в разработку мобильных приложений"" Шахова И.С. 1412 (ios), ""Введение в программирование на С++"" Лавренов Р.О. 1404. "" Введение в разработку корпоративных приложений "" Сидиков М.Р. 1303, Аршинов М. 1304",,,,,,,,Интернет- программирование д.гл. Ференец А.А. 1302  (Lamp),,,,,,,,,,,,,Теория систем и системный анализ Каюмова А.В.1405,Теория информации и кодирования Малахов М.А.1307,,,,,,,,15.20-16.50,,,1310-собр.
,17.00-18.30,"Soft skills ""Краткий курс молодого бойца "" в 109 к.2",,,,,,,,,,,,,,,,,,,,,,,,,,,,,,,,,,,,,,,17.00-18.30,,,
,,,,,,,,,,,,,,,,,,,,,,,,,,,,,,,,,,,,,,,,,,,,
,18.40-20.10,,,,,,,,,,,,,,,,,,,,,,,,,,,,,,,,,,,,,,,,18.40-20.10,,,
,20.20-21.50,,,,,,,,,,,,,,,,,,,,,,,,,,,,,,,,,,,,,,,,20.20-21.50,,,
,17.00-18.30,,,,,,,,,,"Курс по выбору: "" Основы компьютерной графики и графические форматы"" Низамутдинов А.Р. 1408,  ""Введение в интернет-программирование"" Абрамский М.М. 1409.,  Бажанов В.А. 1301. Григорьева Е.1508 , ""Введение в разработку мобильных приложений"" Шахова И.С. 1412 (ios), ""Введение в программирование на С++"" Лавренов Р.О. 1404. "" Введение в разработку корпоративных приложений "" Сидиков М.Р. 1303, Аршинов М. 1304",,,,,,,,Интернет- программирование д.гл. Ференец А.А. 1302 (Lamp),,,,,,,,Теория систем и системный анализ Фазылов Валерий Рауфович в 108 к.2,,,,,,,,Научно-исследовательская работа  Малахов М.А.(18ч.) 1307.(с 9.10.17г.по 4.12),,Научно-исследовательская работа  Малахов М.А.(18ч.) 1307 ч.н.(с 9.10),Научно-исследовательская работа Елизаров  А.М. 1509(18ч.) с 9.10-4.12,Курс по выбору : Методы разработки программного обеспечения Тутубалина Е.В. 1310. Организационное управление и управление инфраструктурой Моисеев Г.В.1308,,17.00-18.30,,,
,18.40-20.10,,,,,,,,,,,,,,,,,,,,,,,,,,Проектный практикум.,,,,,,,,"Проектный практикум Новиков П.А.1509  ,Абрамский М.М.1409, Гайсин Р.Р. 1310(18.09-перенос на 21.09 , 25.09 на 28.09, 2.10 на 5.10, 9.10 на 12.10 , 16.10 на 19.10 в 1308) с1 по 9 неделю",,,,Методы определения требований в программной инженерии Сабирзянов Р.Р.1309,,18.40-20.10,,,
вторник,08.30-10.00,"Иностранный язык (английский язык) 
   Макаев Х.Ф. 1404,  Баранова А.Р..1302 ,    Газетдинов Р.Р.1304,   Сигачева Н.А.1412,    Мельникова О.К. 1405,     Саляхова Г.И. 1301,   Исмагилова Г.К.1303.",,,,,,,,,,,,,,Информатика Хайруллин А.Ф.1307,Базы данных Ибатулин Н.Н.1308,Базы данных Шамсутдинова К.С.1309,,,,,,,,,,,,,,,,,,,,,,,08.30-10.00,,,
,10.10-11.40,Физическая культура  в УНИКСе (в 10.05),,,,,,,,,"Иностранный язык ( английский язык)  Саляхова Г.И.1301, Махмутова А.Н. 1302, ИсмагиловаГ.К.. 1303, Маршева Т.В. 1304, Сакаева Л.Р. Межлаука ауд.335, Шамсутдинова Э.Х. 1405, Мартынова Е.В. 1404, Сигачева 1412, Яхин М.А.1408 , Сабирова Р.Н. 1309",,,,,,,,,,,,,,,,Психология Юсупов Марк Геннадьевич в 109 к.2 ( лекция 9 н. 114ст.)  Конфликтология Иванов А.В. 1306 (лекция 9н.),,,,,,,,,,,,,,10.10-11.40,,,
,11.50-13.20,Информатика Абрамский М.М.1409,Информатика Сидиков М.Р.1307,,Информатика Ференец А.А.1303,Алгебра и геометрия Зубкова С.К. 1305 ,"Иностранный язык (английский язык) 
 Газетдинов Р.Р.1304,   Сигачева Н.А.1412,        Саляхова Г.И. 1301,   Шамсутдинова Э.Х.1405, Мартынова Е.В.1404",,,,Теория вероятностей и математическая статистика Стребков Е.В. в 108 к.2 ,,,,,,,,,,,,,,Управление качеством разработки информационных систем  Басырова А.Р.1306,Программная инженерия Кугуракова В.В. 1408,,,,,,,,,,,,,,,11.50-13.20,,,1310-вмк
,13.40-15.10,Информатика Абрамский М.М.1409,Информатика Сидиков М.Р.1310,,Алгебра и геометрия Зубкова С.К. 1305 ,Информатика Ференец А.А.1303 ,История Ибрагимов Р.Р. н.н.1301,История Ибрагимов Р.Р. ч.н.1301,,,"Вычислительные системы, сети и телекоммуникации Максютин С.В.1404",,Базы данных Салимов Р.Ф.1304,,,Теория вероятностей и математическая статистика Стребков Е.В.1307,,,Теория информации и кодирования Салимов Ф.И.1308,,,,,,Программная инженерия Кугуракова В.В. 1408,Управление качеством разработки информационных систем  Басырова А.Р.1306,"Психология Мельников А.В. в 1509 к.2 ( практика гр.1, (  9 н.)",,,,,,,,,,,,,,13.40-15.10,,,
,15.20-16.50,,,,,Информатика Ференец А.А.1309,,,,,,,,,-,"Вычислительные системы, сети и телекоммуникации Максютин С.В.1404",,,Теория информации и кодирования  Салимов Ф.И. в 108 к.2 (9н.),,,,,,,,,,Теория систем и системный анализ Каюмова А.В.1306,Теория информации и кодирования Зиятдинов М.Т.1307,,,,,,,,,,,15.20-16.50,,,"5.09,12.09,19.09- 1409 Абрамский."
,17.00-18.30,,,,,,,,,,,,,,,,,,"Курс по выбору:  ."" Сервис Linux Валиуллин Р.М.1409. "" Разработка мобильных приложений д.гл. "" Шахова И.С. 1412, ""Интернет-программирование д.гл."" Кошарский И 1508,    Технологиии JAVA, Камалов М.Ф.1509  "" Технологии Net"" Габдрахманов А.Р.1303",,,,,,,,"Разработка для мобильных приложений (PHP) Ференец А.А.1408( с 26.09 ,кроме гр. 11-404)",,,Теория систем и системный анализ Каюмова А.В.1306,Разработка для мобильных приложений (PHP) Ференец А.А.1408( с 26.09),,,,,Научно- исследовательская работа Голицына И.Н. 1509 (18ч.)  (с 10.10.17г.),Жизненный цикл программного обеспечения Шамсутдинов  Т.Ф.1308,Основы робототехники Магид Е.А.(лекция9н.)1404 ( 12.09-не будет с переносом на 14.11.17г.),Архитектура систем Тощев А.С.1307,,17.00-18.30,,,
,,,,,,,,,,,,,,,,,,,,,,,,,,,,,,,,,,,,,,,,,,,,
,18.40-20.10,,,,,,,,,,,,,,,,,,"Курс по выбору:  "" Сервис Linux Валиуллин Р.М.1409. "" Разработка мобильных приложений д.гл. "" Шахова И.С. 1412, ""Интернет-программирование д.гл."" Кошарский И 1508,   Технологиии JAVA, Камалов М.Ф.1509  "" Технологии Net"" Габдрахманов А.Р.1303",,,,,,,,Разработка для мобильных приложений (PHP) Ференец А.А.1408( с 26.09),,,,,,,,Жизненный цикл программного обеспечения Тощев А.С.1307 ,Жизненный цикл программного обеспечения Шамсутдинов  Т.Ф.1306,,Основы робототехники Магид Е.А.( прак.9н.)1404  (12.09-не будет с переносом на 14.11.17г.),,,18.40-20.10,,,
,20.20-21.50,,,,,,,,,,,,,,,,,,,,,,,,,,,,,,,,,,,,,,,,20.20-21.50,,,
среда,08.30-10.00,,,,,Дискретная математика Зубков М.В.1303,"Иностранный язык (английский язык) 
   ,    Газетдинов Р.Р.1304,   Сигачева Н.А.1412,        Саляхова Г.И. 1301,   Шамсутдинова Э.Х.1302, Мартынова Е.В.1404",,,,"Вычислительные системы ,сети и телекоммуникации  Максютин С.В. в 108 к. 2",,,,,,,,,,,,Операционные системы Абдуллин Р.М.1305,,,,,,,,,,,,,,,,,,08.30-10.00,,,
,10.10-11.40,"Программирование
Абрамский 1305
Зиятдинов 1404",,,,Математический анализ Скворцова Л.Ш. ауд.109 к2,,,,,ВССиТ Чикрин 1307,,1412,,Программирование Егорчев  1408,,,,,,,,,,,,,,,,,,,,,,,,,,10.10-11.40,,,
,10.10-11.40,Математический анализ  Широкова Елена Александровна в ауд.109 к.2,,,,,,,,,Информатика Абрамский М.М.1409,"Вычислительные системы, сети и телекоммуникации Максютин С.В.1404",Информатика Ференец А.А.1302 ( 13.09 перенос на 19.09 в 15.20 в 1311),Теория вероятностей и математическая статистика Стребков Е.В.1303,Теория вероятностей и математическая статистика Каштанова Е.К.1304(6.09 переносится на 16.09 в 11.50. ауд.1304),Базы данных Хайруллин А.Ф.1307,,Информатика Марченко А.А.1309,Экономика Гадылшина Л.А. (с 1-9н.) 1301,"Операционные системы Елкин И.В.1306  (д.з.-25.09-2пары, 4.10-2пары в 10.10.и в 11.50 в ауд.1508)",,,Программная инженерия Кугуракова В.В. 1408,,Операционные системы Абдуллин Р.М.1305,,Курс по выбору: Русский язык и культура речи Бастриков А.В. гр -1 в 1509,,,,,,,,,,,,,,10.10-11.40,,,
,11.50-13.20,История Ибрагимов Руслан Рустамович ( 9 н.) в ауд.108 к.2,,,,,,,,,Теория вероятностей и математическая статистика Салимов Р.Ф.1301,Базы данных Салимов Ф.И.1409,Теория вероятностей и математическая статистика Каштанова Е.К.1304,Информатика Ференец А.А.1302 ( 13.09 перенос на 19.09 в 15.20 в 1311),"Вычислительные системы, сети и телекоммуникации Максютин С.В.1404",,Информатика Марченко А.А.1309,Теория вероятностей и математическая статистика Стребков Е.В.1303, Элективные курсы по физической культуре и спорту УНИКС 12.00-13.30,,,,,,,,"Курс по выбору: Русский язык и культура речи Бастриков А.В. гр -2 1509, Социалогия Гузельбаева Г.Я.1306. Культурология Имамутдинова А.М. в 1405 гр.1",,,,,,,,,,,,,,11.50-13.20,,,
,13.40-15.10,,,Информатика Байрашева В.Р.1303 ,Информатика Ференец А.А.1408,,Алгебра и геометрия Зубкова С.К.1305 ,,Дискретная математика Ильин С.Н.1301,Математический анализ Кац Д.Б. 1302,,,,,Информатика Евлампиев И.А.1304,Информатика Хайруллин А.Ф.1307,Информатика Марченко А.А.1309,,Безопасность  жизнедеятельности  Мустаев Рим  Шагалиевич в 108 к.2 (9н.),,,,,,,,"Курс по выбору: Русский язык и культура речи Бастриков А.В. гр -3,1509 . Культурология Имамутдинова А.М. 1405 гр 2 ",,,,,,,,,,,,,,13.40-15.10,,,
,15.20-16.50,,,Информатика Байрашева В.Р.1303 ,,,,,Математический анализ Кац Д.Б. 1302,История Ибрагимов Р.Р. н.н.1301, Элективные курсы по физической культуре и спорту УНИКС 16.00-17.30,,,,,,,,,Управление качеством разработки информационных систем  Басырова А.Р.1307,,,,Программная инженерия Кугуракова В.В. 1408,,,"Курс по выбору: Распределенные вычисления и приложения Храмченков Э.М.   1304, Машинное обучение Сагитов А.Г. 1404, Теория звука и его обработка Хусаенов И. 1405 , Разработка технической документации Лукьяничева Е.О.1412",,,,,,,,,,,,,,15.20-16.50,,,
,17.00-18.30,,,,,,,,,,,,Базы данных Вагапов 1305,,,,Проектный практикум (Ios),,,,,,,,,,,,,,,,,,,,,,,,17.00-18.30,,,
,,,,,,,,,,,,,,,,,,"Вычислительные системы, сети и телекоммуникации Бубнов Д.В.(17.30) 1306",,,,,,Управление качеством разработки информационных систем  Басырова А.Р.1307,,,"Курс по выбору: Распределенные вычисления и приложения Храмченков Э.М.1304 , Машинное обучение Сагитов А.Г. 1404, Теория звука и его обработка Хусаенов И.1405 , Разработка технической документации Лукьяничева Е.О.1412, Защита информации в компьютерных системах и сетях Дорофеев В.И.1308. Введение в облачные технологии Степанов М.Н.1408 ",,,,,,,,Теория систем и системный анализ Фазылов В.Р. в 1310 к.2 (9н.) ( со 2 по 10 н.),,,,Научно-исследовательская работа Голицына И.Н.  (15ч.) 1303 (с11.10.17г.),Модели жизненного цикла для разработки программных систем Шамсутдинов Т.Ф.1305,,,,
,18.40-20.10,,,,,,,,,,,,,,,,,,,,,,,Операционные системы Бубнов Д.А.1306,,,", Защита информации в компьютерных системах и сетях  Дорофеев В.И.1308 . Введение в облачные технологии Степанов М.Н.1408 ",,,,,,,,,,,Робототехническая операционная система Лавренов Р.О.(9н.)  ( со 2-нед.) 1404,Модели жизненного цикла для разработки программных систем Шамсутдинов Т.Ф.1305,Научно-исследовательская работа Голицына И.Н.  (15ч.) 1303 ( с 11.10.17г.),18.40-20.10,,,
,18.40-20.10,,,,,,,,,,,,,,,,,,,,,,,,,,,,,,,,,,,,,,,,,,,
,20.20-21.50,,,,,,,,,,,,,,,,,,,,,,,,,,,,,,,,,,,,,,,,,,,
четверг,08.30-10.00,Математический анализ Муллагалиев Э.А.1306,Алгебра и геометрия Шурыгин В.В.1509,,,,"Иностранный язык (английский язык) 
   ,    Газетдинов Р.Р.1304,   Сигачева Н.А.1412,        Саляхова Г.И. 1301,   Шамсутдинова Э.Х.1405, Мартынова Е.В.1404",,,,Информатика в ауд 108 к.2  Абрамский Михаил Михайлович (9н.),,,,,Информатика в ауд. 1310 к.2 Марченко Антон Александрович(9н) ( 6.10- занятия будут в 104 к.2 (раз),,,Курс по выбору : Физика Мутыгуллина А.А.( лекция) 112 физ.фак.,,,,,,,,,,,,,,,,,,,,,,08.30-10.00,четверг,,
,10.10-11.40,Алгебра и геометрия Шурыгин В.В.1509,Математический анализ Муллагалиев Э.А.1306,Алгебра и геометрия Зубкова С.К. в1305,История Ибрагимов Р.Р. ч.н.1301,Информатика Ференец А.А.1303 ( с26.09 перенос на втр 15.20 в 1309),Информатика Марченко А.А.1309,Информатика Хайруллин А.Ф.1308,История Ибрагимов Р.Р. н.н.1301,Дискретная математика Ильин С.Н.1304,Базы данных Шамсутдинова К.С.1404,Информатика Хасьянов А.Ф.1405,,Базы данных Салимов Р.Ф.1307,,,,,Курс по выбору : Физика Мутыгуллина А.А.( решение задач) физ.фак.в 403,,,,,,,,,,,,,,,,,,,,,,10.10-11.40,,,
,11.50-13.20,,,Математический анализ Муллагалиев Э.А.1306,Информатика Ференец А.А.1303 ( с28.09 перенос на ср.13.40 в ауд. 1408),,Дискретная математика Корнеева Н.Н.1302,Алгебра и геометрия Зубкова С.К.в 1305,Информатика Салимов Р.Ф.1405,,,,,,,,,," Курс по выбору  Вычислительные эмоции Таланов М.О. в 1310 (лекция.)(5.10 в 1509 раз) ,Анализ данных Новиков П.А.(пр.) 1307",,,,,,,,Теория систем и системный анализ Каюмова А.В.1308,Теория информации и кодирования Малахов М.А.1309,,,,,,,,,,,,,11.50-13.20,,,1301-м.м.
,13.40-15.10,,,,,,,,,,,,,,,,,,,Программная инженерия Кугуракова В.В. 1408,Теория информации и кодирования Шемахин А.Ю.1301 ,Экономика Гадылшина Л.А. н.н.1302,Управление качеством разработки информационных систем  Басырова А.Р.1306,Экономика Гадылшина Л.А. ч.н.1302,Безопасность  жизнедеятельности  Купцова А.М.н.н.1303,Безопасность  жизнедеятельности  Купцова А.М.ч.н.1303,Теория информации и кодирования Салимов Ф.И.1304,Теория систем и системный анализ Каюмова А.В.1308,"Теория информации и кодирования Малахов М.А.1309(14.09-не будет с переносом на 19,и 26.09 в 17.00  в 1305",,Теория информации и кодирования Голицына И.Н.1509,,,,,,,,,,13.40-15.10,,,
,15.20-16.50, Иностранный язык (англ.яз.) Хакимзянова 1509 Ладнер 1404 Айбятова 1405 Данилова 1309 Баранова 1307 Мухаметдинова 1305 Саляхова 1308 Шпаков 1301,,,,,,,,1304 1302,,,,,,,,,,,,,,,,,,,,,,,,,,,,,,,15.20-16.50,,,
,15.20-16.50,,,,,,,,,,,,,,,,,,Управление качеством разработки информационных систем  Басырова А.Р.1306,Теория информации и кодирования Малахов М.А.1309,Программная инженерия Кугуракова В.В. 1408,Теория информации и кодирования Шемахин А.Ю.1301 ,Безопасность  жизнедеятельности  Купцова А.М.н.н.1303,Безопасность  жизнедеятельности  Купцова А.М.ч.н.1303,Экономика Гадылшина Л.А. ч.н.1302,Экономика Гадылшина Л.А. н.н.1302,Теория информации и кодирования Салимов Ф.И.в 108 к.2 ( 9 н),,,,,,,,,,,,,,15.20-16.50,,,
,17.00-18.30,,,,,,,,,,,,,,,,,,Операционные системы Валиуллин Рустам Мунурович в 108 к.2,,,,,,,,"Курс по выбору: Функциональное программирование Зиятдинов М.Т.1306,Системы постпроцессинга (дизайн)- Костюк Д.1408, Разработка для мобильных PHP Ференец А.А. 1307",,,,,,,,Теория систем и системный анализ Фазылов В.Р.(9н) 1509 с9н по 18н.,,Теория систем и системный анализ Фазылов В.Р.(9н) 1509 ч.н.(с 9н.по 18 н.),Основы технического зрения Сагитов А. 1404, Планирование и контроль программ количественной оценки Лукьяничева Е.О. 1409 (с17.30),,17.00-18.30,,,
,,,,,,,,,,,,,,,,,,,,,,,,,,,,,,,,,,,,,,,,,,,,
,18.40-20.10,,,,,,,,,,,,,,,,,,,,,,,,,,"Курс по выбору: Функциональное программирование Зиятдинов М.Т.1306,Системы постпроцессинга (дизайн)- Костюк Д.1408, Разработка  для мобильных приложений , PHP Ференец А.А. 1307",,,,,,,,,Теория систем и системный анализ Фазылов В.Р.(9н) 1509 с9н по 18н.,,Теория систем и системный анализ Фазылов В.Р.(9н) 1509 ч.н.(с 9н.по 18 н.),Управление рисками и поставками проекта Лукьяничева Е.О.1409,,18.40-20.10,,,
пятница,08.30-10.00,"Иностранный язык (английский язык) 
   Макаев Х.Ф. 1404,  Баранова А.Р..1302 ( с 18.09 в понед.17.00 в 1306)  ,    Газетдинов Р.Р.1304,   Сигачева Н.А.1412,    Мельникова О.К. 1405,     Саляхова Г.И. 1301( с 8.09 перенос на вторник в 15.20 в ауд.1303),   Исмагилова Г.К.1303.",,,,,,Информатика Хайруллин А.Ф.1307,,Информатика Шамсутдинова К.С.1404,Базы данных Салимов Ф.И. в 108 к.2,,,,,,,,"Операционные системы Елкин И.В.1306 ( д.з. по средам 20.09,  27.09, 4.10,11.10 в8.30 в 1306) ",Экономика Мокичев С.Д.н.н.1308 ,,,Экономика Мокичев С.Д.ч.н.1308 ( с 15.09 в 10.10. ауд 1308 ч.н.),,,,Психология Мельников А.В. 1311 к.2 ( прак. гр.2 9н.) ( 4-нед 22.09 перенос на 10 нед 3.11) 6 октября занятие будет в 1305,,,,,,,,,,,,,,08.30-10.00,пятница,,
,10.10-11.40,Физическая культура  в УНИКСе(в 10.05),,,,,,,,,"Иностранный язык ( английский язык)  Саляхова Г.И.1301, Махмутова А.Н. 1302, ИсмагиловаГ.К (гр.Аглямовой). 1303, Маршева Т.В. (гр.Переточкиной) 1304, Сакаева Л.Р.( гр. Барановой) Межлаука ауд.335, Шамсутдинова Э.Х.(гр. Еремеевой) 1405, Мартынова Е.В. 1404, Сигачева Н.А. (гр. Мельниковой)1412, Яхин М.А.1408 Сабирова Р.Н. 1309 ( гр.Ситдиковой)",,,,,,,,Экономика Мокичев С.Д. в 108 к.2 (по н.н.),,,,,,,,"Психология Мельников А.В. ( практика гр.-3 в 1311 к.2 ,9н.)(4нед. перенос на 10 нед) ( 6.10- в 1306 , Политология Фаттыхова Д.Р. в 1509 (лекция 9 н., практика 9 н.)  (с 9.09.17)",,,,,,,,,,,,,,10.10-11.40,,,
,11.50-13.20,Информатика в ауд 108 к.2  Абрамский Михаил Михайлович (н.ч. неделя),,,,,Информатика в ауд. 108 к.2 Марченко Антон Александрович ( чет. неделя) ,,,,"Факультатив от лаб. DML Разработка приложений с исползованием Unity3D Ахметшарипов Р.Д., Манахов Н.Р. в 1408",,,,,,,,"Курс по выбору:  "" Анализ данных "" Новиков П.А.""(лекция в 1310 )  ( 6.10- в 1508) "" Вычислительные эмоции"" Таланов М.О.(пр.)1309 .гр.1",,,,,,,,"Психология Мельников А.В.( практика гр.-4 в 1311 к.2 ,9н.)( 4нед. на 10.нед.)  (6.10- в 1308),   Конфликтология  Белова В.А. (практика 9н.) в 1306(15.09 и 22.09 -перносится на 10 нед и 11 нед , т.е.3.11.и 10.11 (пятн)",,,,,,,,,,,,,,11.50-13.20,,, 1404-англ.яз  1301- м.м.
,13.40-15.10,Дискретная математика Зубков Максим Витальевич в ауд.108 к.2,,,,,,,,,,,,,,,,,"Курс по выбору:  "" Анализ данных "" Новиков П.А.""(пр.) 1310  ( 6.10- в1508 )  "" Вычислительные эмоции"" Таланов М.О.1309 (пр.) гр.1",,,,,,,,,,,,Теория систем и системный анализ Каюмова А.В. 1308 ,,,Теория информации и кодирования Малахов М.А.1306,,,,,,,13.40-15.10,,,
,15.20-16.50,,,,,,,,,,,,,,,,,,"Проектный практикум (9н.) Бажанов В.А.1304 , Основы разработки на Unity 3D Евстафьев М.Е.1408",,,,,,,,,,,,,,,Теория систем и системный анализ Каюмова А.В. 1308 ,,,,,,,15.20-16.50,,,
,17.00-18.30,,,,,,,,,,,,,,,,,,,,,,,,,,,,,,,,,,,,,,,,17.00-18.30,,,
,,,,,,,,,,,,,,,,,,,Основы разработки на Unity3D Евстафьев М.Е. 1408,,,,,,,,"Функциональное программирование Зиятдинов М.Т. 1307, Разработка API Бажанов В.А.1304",,,,,,,,,Методы анализа и построения информационных систем Фахрутдинов Р.Х. 1311 ( 22.09- занятий не будет с переносом см. рас.),,Академическая коммуникация Макаев Х.Ф.ч.н. 1306 ( с 4 недели с 22.09 17г.),Оценки и анализ требований разработки программного обеспечения Абрамский М.М.  1409 .(17.30),,,,,
,18.40-20.10,,,,,,,,,,,,,,,,,,,,,,,,,,"Функциональное программирование Зиятдинов М.Т. 1307, Разработка API Бажанов В.А.1304",,,,,,,,Методы анализа и построения информационных систем Таланов М.О.1404 (в18.00),Методы анализа и построения информационных систем Фахрутдинов Р.Х. 1311 ( 22.09- занятий не будет с переносом см. рас.),,,,,18.40-20.10,,,
,20.20-21.50,,,,,,,,,,,,,,,,,,,,,,,,,,,,,,,,,,,,,,,,20.20-21.50,,,
суббота,08.30-10.00,,,,,,,,,,,,,,,,,,,,Управление качеством разработки информационных систем  Басырова А.Р.1509 ,Операционные системы Бубнов Д.В.1306,,,,,Системы управления хранилищами данных Якупов А.Ш1302.,,,,,,,,,,,,,,08.30-10.00,суббота,,
,10.10-11.40,,,,Информатика  Камалов 1412  у гр.Зулькарнаев не будет ,,,,,,,,,,,,,,,,БЖД Зверев А.А. н.н. 1509,,Параллельное программирование Спиридонов 1409,,,,,,,,,,,,,,,,,,10.10-11.40,,,
,11.50-13.20,,,"Информатика 
Камалов 1302",,,,,,,,,,,,,,,,,,БЖД Зверев А.А. н.н. 1509,БЖД Зверев А.А.ч.н. 1509,,,,,,,,,,,,,,,,,,11.50-13.20,,,
,13.35-15.05,Информатика Хабибуллин И.Ш.аудит.     108 2к н.н.,,,,,,,,,,,,,,,,,,,,Параллельное прграммирование Спиридонов 1409,,,,,,,,,,,,,,,,,,,13.35-15.05,,,
,15.20-16.50,Иностранный язык (Англ.яз )Баранова 1305Мухаметдинова 1404 Саляхова1405 Хакимзянова1509 Ладнер 1306 Шпаков 1408 Айбятова 1409 Данилова 1412,,,,,,,,,,,,,,,,,,,,,,,,,,,,,,,,,,,,,,,15.20-16.50,,,
,17.00-18.30,,,,,,,,,,,,,,,,,,,,,,,,,,,,,,,,,,,,,,,,17.00-18.30,,,
,18.40-20.10,,,,,,,,,,,,,,,,,,,,,,,,,,,,,,,,,,,,,,,,18.40-20.10,,,
,20.20-21.50,,,,,,,,,,,,,,,,,,,,,,,,,,,,,,,,,,,,,,,,20.20-21.50,,,
,,,,,,,,,,,,,,,,,,,,,,,,,,,,,,,,,,,,,,,,,,,,
,,,,,,,,,,,,,,,,,,,,,,,,,,,,,,,,,,,,,,,,,,,,
,,,,,,,,,,,,,,,,,,,,,,,,,,,,,,,,,,,,,,,,,,,,
,,,,,,,,,,,,,,,,,,,,,,,,,,,,,,,,,,,,,,,,,,,,
,,,,,,,,,,,,,,,,,,,,,,,,,,,,,,,,,,,,,,,,,,,,
,,,,,,,,,,,,,,,,,,,,,,,,,,,,,,,,,,,,,,,,,,,,
,,,,,,,,,,,,,,,,,,,,,,,,,,,,,,,,,,,,,,,,,,,,
,,,,,,,,,,,,,,,,,,,,,,,,,,,,,,,,,,,,,,,,,,,,
,,,,,,,,,,,,,,,,,,,,,,,,,,,,,,,,,,,,,,,,,,,,
,,,,,,,,,,,,,,,,,,,,,,,,,,,,,,,,,,,,,,,,,,,,
,10.10-11.40,,,,,,,,,,,,,,,,,,,,Операционные системы Бубнов Д.В.1306,Управление качеством разработки информационных систем  Басырова А.Р.1509 ,,,,,Системы управления хранилищами данных Якупов А.Ш1302.,,,,,,,,Введение в программную инженерию Чегодаев В.Г..1310( с 3нед.),,Введение в программную инженерию Чегодаев В.Г1310 ( с 3нед),, Конфигурации в разработке программного обеспечения ТощевА.С.1405 (23.09- не будет перенос на 22.09 пят. в 19.00 в 1405),,10.10-11.40,,,
,11.50-13.20,,,,,,,,,,,,,,,,"Вычислительные системы, сети и телекоммуникации Бубнов Д.В.1306 ",, Элективные курсы по физической культуре и спорту УНИКС 12.00-13.30 ,,,,,,,,Технологии JAVA д.г. Камалов М.Ф. 1509,,,,,,,,Академическая коммуникация Баранова А.Р.ч.н.1301,Введение в программную инженерию Чегодаев В.Г1310,Академическая коммуникация Баранова А.Р.н.н. 1301,Введение в программную инженерию Чегодаев В.Г.1310,,,11.50-13.20,,,
,13.40-15.10,,,,,,,,,,,,,,Информатика Евлампиев И.А.1304 со 2-н.( 9.09- перенос на 8.09 в 11.50 в 1304),,,,,,,,,,,,Технологии JAVA д.г. Камалов М.Ф. 1509,,,,,,,,Введение в программную инженерию Чегодаев В.Г. в 1310 к.2 ( с 3н.) ( с 16.09-11.11),,,,,,13.40-15.10,,,
,15.20-16.50,,,,,,,,,, Элективные курсы по физической культуре и спорту УНИКС 16.00-17.30 ,,,,,,,,,,,,,,,,,,,,,,,,Академическая коммуникация Саляхова Г.И. в 1310 к.2 ( с 1 по 9 н.) ,,,,,,15.20-16.50,,,
,17.00-18.30,,,,,,,,,,,,,,,,,,,,,,,,,,,,,,,,,,,Академическая коммуникация Саляхова Г.И..н.н. 1301,,,,,17.00-18.30,,,
,,Директор Высшей школы ИТИС                                             А.Ф. Хасьянов                 ,,,,,,,,,,,,,,,,,,,,,,,,,,,,,,,,,,,,,,,,,,